Title,Media URL,Pinterest board,Description,Link,Keywords,error
ADHD Study Planner Bundle CompTIA Linux+ Cloud+ CySA+ & PenTest+ Adhd Friendly Exam Prep...,https://i.etsystatic.com/64260269/r/il/8593ee/7759728373/il_fullxfull.7759728373_fqf6.jpg,CompTIA Study Planners,"ADHD-Friendly Study Planner designed specifically for neurodivergent learners preparing for the CompTIA Linux+ Cloud+ CySA+ & PenTest+ bundle certification exam. This instant download fillable PDF features energy tracker pages, reward tracker, study objectives, visual progress tracker, pomodoro log, crash day plan, practice test log, exam day checklist and focus-friendly layouts that work with your ADHD brain, not against it. Use this digital study guide to track your progress and ensure you...",,"ADHD_Study_Planner, ADHD_Exam_Prep, PDF_ADHD_Friendly, Neurodivergent_PDF, Exam_ADHD_Student, ADHD_Digital_Planner, Bundle_Study_Guide, ADHD_Focus_Planner, IT_Cert_ADHD, CompTia_Exam_Prep",
ADHD Study Planner Bundle CompTIA A+ Network+ Security+ Adhd Friendly Exam Prep Fillable PDF...,https://i.etsystatic.com/64260269/r/il/c5395d/7759679207/il_fullxfull.7759679207_7874.jpg,CompTIA Study Planners,"ADHD-Friendly Study Planner designed specifically for neurodivergent learners preparing for the CompTIA A+ Network+ Security+ bundle certification exam. This instant download fillable PDF features energy tracker pages, reward tracker, study objectives, visual progress tracker, pomodoro log, crash day plan, practice test log, exam day checklist and focus-friendly layouts that work with your ADHD brain, not against it. Use this digital study guide to track your progress and ensure you are...",,"ADHD_Study_Planner, ADHD_Exam_Prep, PDF_ADHD_Friendly, Neurodivergent_PDF, Exam_ADHD_Student, ADHD_Digital_Planner, Bundle_Study_Guide, ADHD_Focus_Planner, IT_Cert_ADHD, CompTia_Exam_Prep",
ADHD Study Planner Bundle Core 1 Core 2 CompTIA A+ Adhd Friendly Exam Prep Fillable PDF Digital...,https://i.etsystatic.com/64260269/r/il/8d69f0/7711833356/il_fullxfull.7711833356_9s5l.jpg,CompTIA Study Planners,"ADHD-Friendly Study Planner designed specifically for neurodivergent learners preparing for the CompTIA A+ bundle certification exam. This instant download fillable PDF features energy tracker pages, reward tracker, study objectives, visual progress tracker, pomodoro log, crash day plan, practice test log, exam day checklist and focus-friendly layouts that work with your ADHD brain, not against it. Use this digital study guide to track your progress and ensure you are fully prepared for the...",,"ADHD_Study_Planner, ADHD_Exam_Prep, PDF_ADHD_Friendly, Neurodivergent_PDF, Exam_ADHD_Student, ADHD_Digital_Planner, Core_1_Core_2_Guide, ADHD_Focus_Planner, IT_Cert_ADHD, CompTIA_Exam_Prep",
ADHD Study Planner Az-104 Azure Administrator Adhd Friendly Exam Prep Fillable PDF Digital...,https://i.etsystatic.com/64260269/r/il/77c1e5/7703871774/il_fullxfull.7703871774_j10f.jpg,Microsoft Azure Study Planners,"ADHD-Friendly Study Planner designed specifically for neurodivergent learners preparing for the Azure Administrator certification exam. This instant download fillable PDF features energy tracker pages, reward tracker, study objectives, visual progress tracker, pomodoro log, crash day plan, practice test log, exam day checklist and focus-friendly layouts in dark mode that work with your ADHD brain, not against it. Use this digital study guide to track your progress and ensure you are fully...",,"ADHD_Study_Planner, ADHD_Exam_Prep, PDF_ADHD_Friendly, Neurodivergent_PDF, Exam_ADHD_Student, ADHD_Digital_Planner, ADHD_Focus_Planner, IT_Cert_ADHD, Fillable_PDF_Planner, ADHD_Study_Guide",
ADHD Study Planner Sc-900 Azure Security Fundamentals Adhd Friendly Exam Prep Fillable PDF...,https://i.etsystatic.com/64260269/r/il/b69cf5/7703861400/il_fullxfull.7703861400_2vqk.jpg,Microsoft Azure Study Planners,"ADHD-Friendly Study Planner designed specifically for neurodivergent learners preparing for the Azure Security Fundamentals certification exam. This instant download fillable PDF features energy tracker pages, reward tracker, study objectives, visual progress tracker, pomodoro log, crash day plan, practice test log, exam day checklist and focus-friendly layouts in dark mode that work with your ADHD brain, not against it. Use this digital study guide to track your progress and ensure you are...",,"ADHD_Study_Planner, ADHD_Exam_Prep, PDF_ADHD_Friendly, Neurodivergent_PDF, Exam_ADHD_Student, ADHD_Digital_Planner, ADHD_Focus_Planner, IT_Cert_ADHD, Fillable_PDF_Planner, ADHD_Study_Guide",
ADHD Study Planner Az-305 Azure Solutions Architect Adhd Friendly Exam Prep Fillable PDF Digital...,https://i.etsystatic.com/64260269/r/il/54007a/7703837526/il_fullxfull.7703837526_axt6.jpg,AWS Certification Planners,"ADHD-Friendly Study Planner designed specifically for neurodivergent learners preparing for the Azure Solutions Architect certification exam. This instant download fillable PDF features energy tracker pages, reward tracker, study objectives, visual progress tracker, pomodoro log, crash day plan, practice test log, exam day checklist and focus-friendly layouts in dark mode that work with your ADHD brain, not against it. Use this digital study guide to track your progress and ensure you are...",,"ADHD_Study_Planner, ADHD_Exam_Prep, PDF_ADHD_Friendly, Neurodivergent_PDF, Exam_ADHD_Student, ADHD_Digital_Planner, ADHD_Focus_Planner, IT_Cert_ADHD, Fillable_PDF_Planner, ADHD_Study_Guide",
ADHD Study Planner Az-900 Azure Fundamentals Adhd Friendly Exam Prep Fillable PDF Digital...,https://i.etsystatic.com/64260269/r/il/57c160/7751711097/il_fullxfull.7751711097_plu0.jpg,Microsoft Azure Study Planners,"ADHD-Friendly Study Planner designed specifically for neurodivergent learners preparing for the Azure Fundamentals certification exam. This instant download fillable PDF features energy tracker pages, reward tracker, study objectives, visual progress tracker, pomodoro log, crash day plan, practice test log, exam day checklist and focus-friendly layouts in dark mode that work with your ADHD brain, not against it. Use this digital study guide to track your progress and ensure you are fully...",,"ADHD_Study_Planner, ADHD_Exam_Prep, PDF_ADHD_Friendly, Neurodivergent_PDF, Exam_ADHD_Student, ADHD_Digital_Planner, ADHD_Focus_Planner, IT_Cert_ADHD, Fillable_PDF_Planner, ADHD_Study_Guide",
ADHD Study Planner Ai-900 Azure Ai Fundamentals Adhd Friendly Exam Prep Fillable PDF Digital...,https://i.etsystatic.com/64260269/r/il/a4b7c0/7703735116/il_fullxfull.7703735116_kzjd.jpg,Microsoft Azure Study Planners,"ADHD-Friendly Study Planner designed specifically for neurodivergent learners preparing for the Azure AI Fundamentals certification exam. This instant download dark mode fillable PDF features energy tracker pages, reward tracker, study objectives, visual progress tracker, pomodoro log, crash day plan, practice test log, exam day checklist and focus-friendly layouts that work with your ADHD brain, not against it. Use this digital study guide to track your progress and ensure you are fully...",,"ADHD_Study_Planner, ADHD_Exam_Prep, PDF_ADHD_Friendly, Neurodivergent_PDF, Exam_ADHD_Student, ADHD_Digital_Planner, ADHD_Focus_Planner, IT_Cert_ADHD, Fillable_PDF_Planner, ADHD_Study_Guide",
SAA-C03 AWS Solutions Architect Study Guide Exam Prep PDF Planner Digital Download Instant...,https://i.etsystatic.com/64260269/r/il/6f6b8a/7697168853/il_fullxfull.7697168853_f387.jpg,AWS Certification Planners,"Prepare efficiently for the professional-level AWS Certified Solutions Architect SAA-C03 exam with this dedicated PDF planner study guide. This digital download provides the structured prep you need for instant access to exam success. Not techy? No problem! - Instructions on how to access and download your file are included in the listing after purchase. - Instant download items DON'T accept returns, exchanges or cancellations. Please contact the seller about any problems with your order....",,"SAA-C03_Exam_Prep, Study_Guide_PDF, AWS_Certification, Cloud_Architect_Plan, Network_Architect, Digital_Download, Instant_Access_File, AWS_Training, Ace_Your_Exam, Cloud_Computing",
ADHD Study Planner ISC2 Cissp Information Security Adhd Friendly Exam Prep Fillable PDF Digital...,https://i.etsystatic.com/64260269/r/il/1abbfa/7744449663/il_fullxfull.7744449663_sizs.jpg,CISSP & ISC2 Study Planners,"ADHD-Friendly Study Planner designed specifically for neurodivergent learners preparing for the (ISC)¬≤ CISSP Information Security certification exam. This instant download fillable PDF features energy tracker pages, reward tracker, study objectives, visual progress tracker, pomodoro log, crash day plan, practice test log, exam day checklist and focus-friendly layouts that work with your ADHD brain, not against it. Use this digital study guide to track your progress in dark mode and ensure...",,"ADHD_Study_Planner, ADHD_Exam_Prep, PDF_ADHD_Friendly, Neurodivergent_PDF, Exam_ADHD_Student, ADHD_Digital_Planner, ADHD_Focus_Planner, IT_Cert_ADHD, Fillable_PDF_Planner, ADHD_Study_Guide",
ADHD Study Planner ISC2 Ccsp Certified in Cybersecurity Adhd Friendly Exam Prep Fillable PDF...,https://i.etsystatic.com/64260269/r/il/ee6fea/7696490276/il_fullxfull.7696490276_r1ws.jpg,CISSP & ISC2 Study Planners,"ADHD-Friendly Study Planner designed specifically for neurodivergent learners preparing for the (ISC)¬≤ Cloud Security Professional certification exam. This instant download fillable PDF features energy tracker pages, reward tracker, study objectives, visual progress tracker, pomodoro log, crash day plan, practice test log, exam day checklist and focus-friendly layouts that work with your ADHD brain, not against it. Use this digital study guide to track your progress in dark mode and ensure...",,"ADHD_Study_Planner, ADHD_Exam_Prep, PDF_ADHD_Friendly, Neurodivergent_PDF, Exam_ADHD_Student, ADHD_Digital_Planner, ADHD_Focus_Planner, IT_Cert_ADHD, Fillable_PDF_Planner, ADHD_Study_Guide",
ADHD Study Planner ISC2 Cc Certified in Cybersecurity Adhd Friendly Exam Prep Fillable PDF...,https://i.etsystatic.com/64260269/r/il/2cb9fa/7744413955/il_fullxfull.7744413955_9oj7.jpg,CISSP & ISC2 Study Planners,"ADHD-Friendly Study Planner designed specifically for neurodivergent learners preparing for the (ISC)¬≤ Certified in Cybersecurity certification exam. This instant download fillable PDF features energy tracker pages, reward tracker, study objectives, visual progress tracker, pomodoro log, crash day plan, practice test log, exam day checklist and focus-friendly layouts that work with your ADHD brain, not against it. Use this digital study guide to track your progress in dark mode and ensure...",,"ADHD_Study_Planner, ADHD_Exam_Prep, PDF_ADHD_Friendly, Neurodivergent_PDF, Exam_ADHD_Student, ADHD_Digital_Planner, ADHD_Focus_Planner, IT_Cert_ADHD, Fillable_PDF_Planner, ADHD_Study_Guide",
ADHd Study Planner Cism Isaca IT Risk Management Adhd Friendly Exam Prep Fillable PDF Digital...,https://i.etsystatic.com/64260269/r/il/37d40b/7693978546/il_fullxfull.7693978546_4u82.jpg,ISACA Certification Planners,"ADHD-Friendly Study Planner designed specifically for neurodivergent learners preparing for the ISACA IT Risk Management certification exam. This instant download fillable PDF features energy tracker pages, reward tracker, study objectives, visual progress tracker, pomodoro log, crash day plan, practice test log, exam day checklist and focus-friendly layouts that work with your ADHD brain, not against it. Use this digital study guide in dark mode to track your progress and ensure you are...",,"ADHD_Study_Planner, ADHD_Exam_Prep, PDF_ADHD_Friendly, Neurodivergent_PDF, Exam_ADHD_Student, ADHD_Digital_Planner, CISM_Study_Guide, ADHD_Focus_Planner, IT_Cert_ADHD, ISACA_Exam_Prep",
ADHD Study Planner Cisa Isaca Infomation Security Auditor Adhd Friendly Exam Prep Fillable PDF...,https://i.etsystatic.com/64260269/r/il/c9de93/7693971184/il_fullxfull.7693971184_70gy.jpg,ISACA Certification Planners,"ADHD-Friendly Study Planner designed specifically for neurodivergent learners preparing for the ISACA CISA Information Security Auditor certification exam in dark mode. This instant download fillable PDF features energy tracker pages, reward tracker, study objectives, visual progress tracker, pomodoro log, crash day plan, practice test log, exam day checklist and focus-friendly layouts that work with your ADHD brain, not against it. Use this digital study guide to track your progress and...",,"ADHD_Study_Planner, ADHD_Exam_Prep, PDF_ADHD_Friendly, Neurodivergent_PDF, Exam_ADHD_Student, ADHD_Digital_Planner, ADHD_Focus_Planner, IT_Cert_ADHD, ISACA_Exam_Prep, Fillable_PDF_Planner",
ADHD Study Planner Cism Isaca Infomation Security Manager Adhd Friendly Exam Prep Fillable PDF...,https://i.etsystatic.com/64260269/r/il/2c455a/7693957674/il_fullxfull.7693957674_6klg.jpg,ISACA Certification Planners,"ADHD-Friendly Study Planner designed specifically for neurodivergent learners preparing for the ISACA CISM Information Security Manager certification exam in dark mode. This instant download fillable PDF features energy tracker pages, reward tracker, study objectives, visual progress tracker, pomodoro log, crash day plan, practice test log, exam day checklist and focus-friendly layouts that work with your ADHD brain, not against it. Use this digital study guide to track your progress and...",,"ADHD_Study_Planner, ADHD_Exam_Prep, PDF_ADHD_Friendly, Neurodivergent_PDF, Exam_ADHD_Student, ADHD_Digital_Planner, CISM_Study_Guide, ADHD_Focus_Planner, IT_Cert_ADHD, ISACA_Exam_Prep",
ADHD Study Planner Google Cloud Architect Adhd Friendly Exam Prep Fillable PDF Digital Planner...,https://i.etsystatic.com/64260269/r/il/8916d5/7741654533/il_fullxfull.7741654533_oqe5.jpg,Google Cloud Study Planners,"ADHD-Friendly Study Planner designed specifically for neurodivergent learners preparing for the Google Cloud Architect certification exam in dark mode. This instant download fillable PDF features energy tracker pages, reward tracker, study objectives, visual progress tracker, pomodoro log, crash day plan, practice test log, exam day checklist and focus-friendly layouts that work with your ADHD brain, not against it. Use this digital study guide to track your progress and ensure you are fully...",,"Prep_Study_Guide, Instant_Download, Fillable_PDF_Exam, Prep_Study_Cert, Exam_Prep_Idea, Study_Plan_Fillable, Cloud_Computing, Google_Cloud_Exam, Study_Template_Idea, IT_Cert_Prep_Exam",
ADHD Study Planner Google Cloud Engineer Adhd Friendly Exam Prep Fillable PDF Digital Planner IT...,https://i.etsystatic.com/64260269/r/il/f7785b/7693695690/il_fullxfull.7693695690_p747.jpg,Google Cloud Study Planners,"ADHD-Friendly Study Planner designed specifically for neurodivergent learners preparing for the Google Cloud Engineer certification exam in dark mode. This instant download fillable PDF features energy tracker pages, reward tracker, study objectives, visual progress tracker, pomodoro log, crash day plan, practice test log, exam day checklist and focus-friendly layouts that work with your ADHD brain, not against it. Use this digital study guide to track your progress and ensure you are fully...",,"Prep_Study_Guide, Instant_Download, Fillable_PDF_Exam, Prep_Study_Cert, Exam_Prep_Idea, Study_Plan_Fillable, Cloud_Computing, Google_Cloud_Exam, Study_Template_Idea, IT_Cert_Prep_Exam",
ADHD Study Planner SY0-701 CompTIA Security+ Adhd Friendly Exam Prep Fillable PDF Digital...,https://i.etsystatic.com/64260269/r/il/55b598/7741339975/il_fullxfull.7741339975_7bvv.jpg,CompTIA Study Planners,"ADHD-Friendly Study Planner designed specifically for neurodivergent learners preparing for the CompTIA Security+ certification exam. This instant download fillable PDF features energy tracker pages, reward tracker, study objectives, visual progress tracker, pomodoro log, crash day plan, practice test log, exam day checklist and focus-friendly layouts that work with your ADHD brain, not against it. Use this digital study guide to track your progress and ensure you are fully prepared for the...",,"DHD_Study_Planner, ADHD_Exam_Prep, PDF_ADHD_Friendly, Neurodivergent_PDF, Exam_ADHD_Student, ADHD_Digital_Planner, ADHD_Focus_Planner, IT_Cert_ADHD, Fillable_PDF_Planner, ADHD_Study_Guide",
ADHD Study Planner PT0-003 CompTIA PenTest+ Adhd Friendly Exam Prep Fillable PDF Digital Planner...,https://i.etsystatic.com/64260269/r/il/c39934/7741328915/il_fullxfull.7741328915_ki2g.jpg,CompTIA Study Planners,"ADHD-Friendly Study Planner designed specifically for neurodivergent learners preparing for the CompTIA PenTest+ certification exam. This instant download fillable PDF features energy tracker pages, reward tracker, study objectives, visual progress tracker, pomodoro log, crash day plan, practice test log, exam day checklist and focus-friendly layouts that work with your ADHD brain, not against it. Use this digital study guide to track your progress and ensure you are fully prepared for the...",,"DHD_Study_Planner, ADHD_Exam_Prep, PDF_ADHD_Friendly, Neurodivergent_PDF, Exam_ADHD_Student, ADHD_Digital_Planner, ADHD_Focus_Planner, IT_Cert_ADHD, Fillable_PDF_Planner, ADHD_Study_Guide",
ADHD Study Planner N10-009 CompTIA Network+ Adhd Friendly Exam Prep Fillable PDF Digital Planner...,https://i.etsystatic.com/64260269/r/il/5481ea/7741316293/il_fullxfull.7741316293_2qjg.jpg,CompTIA Study Planners,"ADHD-Friendly Study Planner designed specifically for neurodivergent learners preparing for the CompTIA Network+ certification exam. This instant download fillable PDF features energy tracker pages, reward tracker, study objectives, visual progress tracker, pomodoro log, crash day plan, practice test log, exam day checklist and focus-friendly layouts that work with your ADHD brain, not against it. Use this digital study guide to track your progress and ensure you are fully prepared for the...",,"DHD_Study_Planner, ADHD_Exam_Prep, PDF_ADHD_Friendly, Neurodivergent_PDF, Exam_ADHD_Student, ADHD_Digital_Planner, ADHD_Focus_Planner, IT_Cert_ADHD, Fillable_PDF_Planner, ADHD_Study_Guide",
ADHD Study Planner Cas-005 CompTIA CaSP+ Adhd Friendly Exam Prep Fillable PDF Digital Planner IT...,https://i.etsystatic.com/64260269/r/il/a9ea63/7741303685/il_fullxfull.7741303685_hnss.jpg,CompTIA Study Planners,"ADHD-Friendly Study Planner designed specifically for neurodivergent learners preparing for the CompTIA Linux+ certification exam. This instant download fillable PDF features energy tracker pages, reward tracker, study objectives, visual progress tracker, pomodoro log, crash day plan, practice test log, exam day checklist and focus-friendly layouts that work with your ADHD brain, not against it. Use this digital study guide to track your progress and ensure you are fully prepared for the...",,"DHD_Study_Planner, ADHD_Exam_Prep, PDF_ADHD_Friendly, Neurodivergent_PDF, Exam_ADHD_Student, ADHD_Digital_Planner, ADHD_Focus_Planner, IT_Cert_ADHD, Fillable_PDF_Planner, ADHD_Study_Guide",
ADHD Study Planner Cs0-003 CompTIA CySA+ Adhd Friendly Exam Prep Fillable PDF Digital Planner IT...,https://i.etsystatic.com/64260269/r/il/eb262b/7693344252/il_fullxfull.7693344252_3y52.jpg,CompTIA Study Planners,"ADHD-Friendly Study Planner designed specifically for neurodivergent learners preparing for the CompTIA CySA+ certification exam. This instant download fillable PDF features energy tracker pages, reward tracker, study objectives, visual progress tracker, pomodoro log, crash day plan, practice test log, exam day checklist and focus-friendly layouts that work with your ADHD brain, not against it. Use this digital study guide to track your progress and ensure you are fully prepared for the...",,"DHD_Study_Planner, ADHD_Exam_Prep, PDF_ADHD_Friendly, Neurodivergent_PDF, Exam_ADHD_Student, ADHD_Digital_Planner, ADHD_Focus_Planner, IT_Cert_ADHD, Fillable_PDF_Planner, ADHD_Study_Guide",
ADHD Study Planner CV0-004 CompTIA Cloud+ Adhd Friendly Exam Prep Fillable PDF Digital Planner...,https://i.etsystatic.com/64260269/r/il/9d7714/7693333484/il_fullxfull.7693333484_gqjs.jpg,CompTIA Study Planners,"ADHD-Friendly Study Planner designed specifically for neurodivergent learners preparing for the CompTIA Cloud+ certification exam. This instant download fillable PDF features energy tracker pages, reward tracker, study objectives, visual progress tracker, pomodoro log, crash day plan, practice test log, exam day checklist and focus-friendly layouts that work with your ADHD brain, not against it. Use this digital study guide to track your progress and ensure you are fully prepared for the...",,"DHD_Study_Planner, ADHD_Exam_Prep, PDF_ADHD_Friendly, Neurodivergent_PDF, Exam_ADHD_Student, ADHD_Digital_Planner, ADHD_Focus_Planner, IT_Cert_ADHD, Fillable_PDF_Planner, ADHD_Study_Guide",
ADHD Study Planner 220-1201 CompTIA A+ Core 1 Adhd Friendly Exam Prep Fillable PDF Digital...,https://i.etsystatic.com/64260269/r/il/4099c5/7741248723/il_fullxfull.7741248723_4b3h.jpg,CompTIA Study Planners,"ADHD-Friendly Study Planner designed specifically for neurodivergent learners preparing for the CompTIA A+ Core 2 certification exam. This instant download fillable PDF features energy tracker pages, reward tracker, study objectives, visual progress tracker, pomodoro log, crash day plan, practice test log, exam day checklist and focus-friendly layouts that work with your ADHD brain, not against it. Use this digital study guide to track your progress and ensure you are fully prepared for the...",,"DHD_Study_Planner, ADHD_Exam_Prep, PDF_ADHD_Friendly, Neurodivergent_PDF, Exam_ADHD_Student, ADHD_Digital_Planner, ADHD_Focus_Planner, IT_Cert_ADHD, Fillable_PDF_Planner, ADHD_Study_Guide",
ADHD Study Planner Gsec Security Essentials Exam GIAC Certification Study Planner Exam Prep PDF...,https://i.etsystatic.com/64260269/r/il/539208/7738441893/il_fullxfull.7738441893_3p5d.jpg,GIAC & SANS Study Planners,"ADHD-Friendly Study Planner designed specifically for neurodivergent learners preparing for the GIAC GSEC certification exam in dark mode. This instant download fillable PDF features energy tracker pages, reward tracker, study objectives, visual progress tracker, pomodoro log, crash day plan, practice test log, exam day checklist and focus-friendly layouts that work with your ADHD brain, not against it. Use this digital study guide to track your progress and ensure you are fully prepared for...",,"ADHD_Study_Planner, ADHD_Exam_Prep, PDF_ADHD_Friendly, Neurodivergent_PDF, Exam_ADHD_Student, ADHD_Digital_Planner, ADHD_Focus_Planner, IT_Cert_ADHD, GIAC_Exam_Prep, Fillable_PDF_Planner",
ADHD Study Planner Gsec Security Essentials Exam GSEC Giac Certification Study Planner Exam Prep...,https://i.etsystatic.com/64260269/r/il/0516b6/7690478830/il_fullxfull.7690478830_av7n.jpg,GIAC & SANS Study Planners,"ADHD-Friendly Study Planner designed specifically for neurodivergent learners preparing for the GIAC GSEC certification exam. This instant download fillable PDF features energy tracker pages, reward tracker, study objectives, visual progress tracker, pomodoro log, crash day plan, practice test log, exam day checklist and focus-friendly layouts that work with your ADHD brain, not against it. Use this digital study guide to track your progress and ensure you are fully prepared for the GIAC...",,"ADHD_Study_Planner, ADHD_Exam_Prep, PDF_ADHD_Friendly, Neurodivergent_PDF, Exam_ADHD_Student, ADHD_Digital_Planner, ADHD_Focus_Planner, IT_Cert_ADHD, GIAC_Exam_Prep, Fillable_PDF_Planner",
ADHD Study Planner 200-201 Cisco CyberOps Adhd Friendly Exam Prep Fillable PDF Digital Planner...,https://i.etsystatic.com/64260269/r/il/92fd90/7690050554/il_fullxfull.7690050554_pc4w.jpg,Cisco Certification Planners,"ADHD-Friendly Study Planner designed specifically for neurodivergent learners preparing for the Cisco CyberOps certification exam in dark mode. This instant download fillable PDF features energy tracker pages, reward tracker, study objectives, visual progress tracker, pomodoro log, crash day plan, practice test log, exam day checklist and focus-friendly layouts that work with your ADHD brain, not against it. Use this digital study guide to track your progress and ensure you are fully...",,"DHD_Study_Planner, ADHD_Exam_Prep, PDF_ADHD_Friendly, Neurodivergent_PDF, Exam_ADHD_Student, ADHD_Digital_Planner, ADHD_Focus_Planner, IT_Cert_ADHD, Cisco_Exam_Prep, Fillable_PDF_Planner",
ADHD Study Planner 350-401 Cisco Ccnp Encor Adhd Friendly Exam Prep Fillable PDF Digital Planner...,https://i.etsystatic.com/64260269/r/il/77ba42/7690040106/il_fullxfull.7690040106_scqh.jpg,Cisco Certification Planners,"ADHD-Friendly Study Planner designed specifically for neurodivergent learners preparing for the Cisco CCNP Enterprise ENCOR certification exam in dark mode. This instant download fillable PDF features energy tracker pages, reward tracker, study objectives, visual progress tracker, pomodoro log, crash day plan, practice test log, exam day checklist and focus-friendly layouts that work with your ADHD brain, not against it. Use this digital study guide to track your progress and ensure you are...",,"DHD_Study_Planner, ADHD_Exam_Prep, PDF_ADHD_Friendly, Neurodivergent_PDF, Exam_ADHD_Student, ADHD_Digital_Planner, ADHD_Focus_Planner, IT_Cert_ADHD, Cisco_Exam_Prep, Fillable_PDF_Planner",
ADHD Study Planner 200-301 Cisco Ccna Adhd Friendly Exam Prep Fillable PDF Digital Planner IT...,https://i.etsystatic.com/64260269/r/il/b1e815/7737958481/il_fullxfull.7737958481_m64r.jpg,Cisco Certification Planners,"ADHD-Friendly Study Planner designed specifically for neurodivergent learners preparing for the Cisco CCNA certification exam in dark mode. This instant download fillable PDF features energy tracker pages, reward tracker, study objectives, visual progress tracker, pomodoro log, crash day plan, practice test log, exam day checklist and focus-friendly layouts that work with your ADHD brain, not against it. Use this digital study guide to track your progress and ensure you are fully prepared...",,"DHD_Study_Planner, ADHD_Exam_Prep, PDF_ADHD_Friendly, Neurodivergent_PDF, Exam_ADHD_Student, ADHD_Digital_Planner, 200-301_Study_Guide, ADHD_Focus_Planner, IT_Cert_ADHD, Cisco_Exam_Prep",
Adhd Study Planner SOA-C03 Aws CloudOps Engineer Adhd Friendly Exam Prep Fillable PDF Digital...,https://i.etsystatic.com/64260269/r/il/f92af7/7736977091/il_fullxfull.7736977091_1krq.jpg,AWS Certification Planners,"ADHD-Friendly Study Planner designed specifically for neurodivergent learners preparing for the AWS CloudOpds Engineer certification exam. This instant download fillable PDF features energy tracker pages, reward tracker, study objectives, visual progress tracker, pomodoro log, crash day plan, practice test log, exam day checklist and focus-friendly layouts that work with your ADHD brain, not against it. Use this digital study guide to track your progress and ensure you are fully prepared for...",,"ADHD_Study_Planner, ADHD_Exam_Prep, ADHD_Student, ADHD_Digital_Planner, ADHD_Focus_Planner, IT_Cert_ADHD, Fillable_PDF_Planner, ADHD_Study_Guide, ADHD_Brain_Dump, AWS_Exam_Prep",
Adhd Study Planner SCS-C03 Aws Security Engineer Adhd Friendly Exam Prep Fillable PDF Digital...,https://i.etsystatic.com/64260269/r/il/c9eab6/7687526558/il_fullxfull.7687526558_l1l6.jpg,AWS Certification Planners,"ADHD-Friendly Study Planner designed specifically for neurodivergent learners preparing for the AWS Security Specialty certification exam. This instant download fillable PDF features energy tracker pages, reward tracker, study objectives, visual progress tracker, pomodoro log, crash day plan, practice test log, exam day checklist and focus-friendly layouts that work with your ADHD brain, not against it. Use this digital study guide to track your progress and ensure you are fully prepared for...",,"ADHD_Study_Planner, ADHD_Exam_Prep, ADHD_Digital_Planner, ADHD_Focus_Planner, IT_Cert_ADHD, Fillable_PDF_Planner, ADHD_Study_Guide, ADHD_Brain_Dump, AWS_Exam_Prep, Neurodivergent_PDF",
Adhd Study Planner SAA-C03 Aws Solutions Architect Adhd Friendly Exam Prep Fillable PDF Digital...,https://i.etsystatic.com/64260269/r/il/17346b/7735468089/il_fullxfull.7735468089_8x60.jpg,AWS Certification Planners,"ADHD-Friendly Study Planner designed specifically for neurodivergent learners preparing for the AWS Solutions Architect certification exam. This instant download fillable PDF features energy tracker pages, reward tracker, study objectives, visual progress tracker, pomodoro log, crash day plan, practice test log, exam day checklist and focus-friendly layouts that work with your ADHD brain, not against it. Use this digital study guide to track your progress and ensure you are fully prepared...",,"ADHD_Study_Planner, ADHD_Exam_Prep, ADHD_Digital_Planner, ADHD_Focus_Planner, IT_Cert_ADHD, Fillable_PDF_Planner, ADHD_Study_Guide, ADHD_Brain_Dump, AWS_Exam_Prep, Neurodivergent_PDF",
Adhd Study Planner DVA-C02 Aws Developer Adhd Friendly Exam Prep Fillable PDF Digital Planner IT...,https://i.etsystatic.com/64260269/r/il/527bb7/7688994246/il_fullxfull.7688994246_5sfd.jpg,AWS Certification Planners,"ADHD-Friendly Study Planner designed specifically for neurodivergent learners preparing for the AWS Developer certification exam. This instant download fillable PDF features energy tracker pages, reward tracker, study objectives, visual progress tracker, pomodoro log, crash day plan, practice test log, exam day checklist and focus-friendly layouts that work with your ADHD brain, not against it. Use this digital study guide to track your progress and ensure you are fully prepared for the...",,"ADHD_Study_Planner, ADHD_Exam_Prep, ADHD_Student, ADHD_Digital_Planner, ADHD_Focus_Planner, IT_Cert_ADHD, Fillable_PDF_Planner, ADHD_Study_Guide, ADHD_Brain_Dump, AWS_Exam_Prep",
Adhd Study Planner Clf-c02 Aws Cloud Practitioner Adhd Friendly Exam Prep Fillable PDF Digital...,https://i.etsystatic.com/64260269/r/il/b0c02f/7735462665/il_fullxfull.7735462665_2v2a.jpg,AWS Certification Planners,"ADHD-Friendly Study Planner designed specifically for neurodivergent learners preparing for the AWS Cloud Practitioner certification exam. This instant download fillable PDF features energy tracker pages, reward tracker, study objectives, visual progress tracker, pomodoro log, crash day plan, practice test log, exam day checklist and focus-friendly layouts that work with your ADHD brain, not against it. Use this digital study guide to track your progress and ensure you are fully prepared for...",,"ADHD_Study_Planner, ADHD_Exam_Prep, ADHD_Student, ADHD_Digital_Planner, ADHD_Focus_Planner, IT_Cert_ADHD, Fillable_PDF_Planner, ADHD_Study_Guide, ADHD_Brain_Dump, CLF-C02_Study_Guide",
Google Cloud Architect Certification Study Planner Exam Prep Guide Fillable PDF Instant Download...,https://i.etsystatic.com/64260269/r/il/0899fa/7724701089/il_fullxfull.7724701089_pxu6.jpg,Google Cloud Study Planners,This is an¬†instant download fillable PDF planner¬†designed for the¬†Google Cloud Architect¬†certification exam in dark mode. Use this¬†digital¬†study guide to track your progress and ensure you are fully prepared for the¬†Google Cloud Architect certification. Prefer a hands-on approach? Dive into interactive learning in the Explore Our Resources section at FixTheVuln.com. Not techy? No problem! - Instructions on how to access and download your file are included in the listing after purchase. -...,,"Prep_Study_Guide, Instant_Download, Fillable_PDF_Exam, Prep_Study_Cert, Exam_Prep_Idea, Study_Plan_Fillable, Cloud_Computing, Google_Cloud_Exam, Study_Template_Idea, IT_Cert_Prep_Exam",
CCSP (isc)2 Certified in Cloud Security Professional Study Planner Exam Prep Guide Fillable PDF...,https://i.etsystatic.com/64260269/r/il/9334e6/7724647475/il_fullxfull.7724647475_aiym.jpg,CISSP & ISC2 Study Planners,This is an¬†instant download fillable PDF planner¬†designed for the¬†CCSP (ISC)¬≤ Cloud Security Professional in Cybersecurity¬†certification exam. Use this¬†digital¬†study guide to track your progress and ensure you are fully prepared for the (ISC)¬≤ CCSP certification. Prefer a hands-on approach? Dive into interactive learning in the Explore Our Resources section at FixTheVuln.com. Not techy? No problem! - Instructions on how to access and download your file are included in the listing after...,,"Prep_Study_Guide, Instant_Download, Fillable_PDF_Exam, Prep_Study_Cert, Exam_Prep_Idea, Study_Plan_Fillable, Exam_Cloud_Computing, Cloud_Security_Exam, Cybersecurity_Exam, Study_Template_Idea",
CC (isc)2 Certified in Cybersecurity Study Planner Exam Prep Guide Fillable PDF Instant Download...,https://i.etsystatic.com/64260269/r/il/82804c/7724589803/il_fullxfull.7724589803_s300.jpg,CISSP & ISC2 Study Planners,This is an¬†instant download fillable PDF planner¬†designed for the¬†(ISC)¬≤ Certified in Cybersecurity¬†certification exam in dark mode. Use this¬†digital¬†study guide to track your progress and ensure you are fully prepared for the (ISC)¬≤ Cybersecurity certification. Prefer a hands-on approach? Dive into interactive learning in the Explore Our Resources section at FixTheVuln.com. Not techy? No problem! - Instructions on how to access and download your file are included in the listing after...,,"Prep_Study_Guide, Instant_Download, Fillable_PDF_Exam, Prep_Study_Cert, Exam_Prep_Idea, Study_Plan_Fillable, Exam_Cloud_Computing, Cloud_Security_Exam, Cybersecurity_Exam, Study_Template_Idea",
CRISC Isaca It Risk Management Certification Study Planner Crisc Exam Prep Guide Fillable PDF...,https://i.etsystatic.com/64260269/r/il/61d937/7724144467/il_fullxfull.7724144467_q5nn.jpg,ISACA Certification Planners,This is an¬†instant download fillable PDF planner¬†designed for the¬†CRISC ISACA IT Risk Management Certified Information Systems Auditor¬†certification exam in dark mode. Use this¬†digital¬†study guide to track your progress and ensure you are fully prepared for the¬†CRISC certification. Prefer a hands-on approach? Dive into interactive learning in the Explore Our Resources section at FixTheVuln.com. Not techy? No problem! - Instructions on how to access and download your file are included in the...,,"Prep_Study_Guide, Instant_Download, Fillable_PDF_Exam, Prep_Study_Cert, Exam_Prep_Idea, Study_Plan_Fillable, Exam_Cloud_Computing, IT_Risk_Mgmt_Exam, ISACA_CRISC_Exam, Study_Template_Idea",
CISA Isaca Certification Study Planner Cisa Information System Auditor Exam Prep Guide Fillable...,https://i.etsystatic.com/64260269/r/il/4292d0/7676172578/il_fullxfull.7676172578_eir2.jpg,ISACA Certification Planners,This is an¬†instant download fillable PDF planner¬†designed for the¬†CISA ISACA Information System Auditor¬†certification exam in dark mode. Use this¬†digital¬†study guide to track your progress and ensure you are fully prepared for the¬†CISA certification. Prefer a hands-on approach? Dive into interactive learning in the Explore Our Resources section at FixTheVuln.com. Not techy? No problem! - Instructions on how to access and download your file are included in the listing after purchase. -...,,"Prep_Study_Guide, Instant_Download, Fillable_PDF_Exam, Prep_Study_Cert, Exam_Prep_Idea, Study_Plan_Fillable, System_Auditor_Exam, Study_Template_Idea, IT_Cert_Prep_Exam, CISA_Certification",
Google Cloud Engineer Certification Study Planner Exam Prep Guide Fillable PDF Instant Download...,https://i.etsystatic.com/64260269/r/il/811a04/7721538773/il_fullxfull.7721538773_ym9b.jpg,Google Cloud Study Planners,This is an¬†instant download fillable PDF planner¬†designed for the¬†Google Cloud Engineer¬†certification exam. Use this¬†digital¬†study guide to track your progress and ensure you are fully prepared for the¬†Google Cloud Engineer certification. Prefer a hands-on approach? Dive into interactive learning in the Explore Our Resources section at FixTheVuln.com. Not techy? No problem! - Instructions on how to access and download your file are included in the listing after purchase. - Instant download...,,"Prep_Study_Guide, Instant_Download, Fillable_PDF_Exam, Prep_Study_Cert, Exam_Prep_Idea, Study_Plan_Fillable, Cloud_Computing, Google_Cloud_Exam, Study_Template_Idea, IT_Cert_Prep_Exam",
CyberOps 200-201 Cisco Certification Study Planner Exam Prep Guide Fillable PDF Instant Download...,https://i.etsystatic.com/64260269/r/il/c33199/7720865561/il_fullxfull.7720865561_o1j7.jpg,Cisco Certification Planners,This is an¬†instant download fillable PDF planner¬†designed for the¬†Cisco CyberOps 200-201¬†certification exam. Use this¬†digital¬†study guide to track your progress and ensure you are fully prepared for the¬†AWS certification. Prefer a hands-on approach? Dive into interactive learning in the Explore Our Resources section at FixTheVuln.com. Not techy? No problem! - Instructions on how to access and download your file are included in the listing after purchase. - Instant download items DON'T accept...,,"Prep_Study_Guide, Instant_Download, Fillable_PDF_Exam, Prep_Study_Cert, Exam_Prep_Idea, Study_Plan_Fillable, Cloud_Computing, Security_Fundamental, Study_Template_Idea, IT_Cert_Prep_Exam",
CyberOps 200-201 Cisco CyberOps Certification Study Planner Exam Prep Guide Fillable PDF Instant...,https://i.etsystatic.com/64260269/r/il/a4dc0b/7672849710/il_fullxfull.7672849710_j67o.jpg,Cisco Certification Planners,This is an¬†instant download fillable PDF planner¬†designed for the¬†Cisco CyberOps 200-201¬†certification exam. Use this¬†digital¬†study guide to track your progress and ensure you are fully prepared for the¬†AWS certification. Prefer a hands-on approach? Dive into interactive learning in the Explore Our Resources section at FixTheVuln.com. Not techy? No problem! - Instructions on how to access and download your file are included in the listing after purchase. - Instant download items DON'T accept...,,"Prep_Study_Guide, Instant_Download, Fillable_PDF_Exam, Prep_Study_Cert, Exam_Prep_Idea, Study_Plan_Fillable, Cloud_Computing, Security_Fundamental, Study_Template_Idea, IT_Cert_Prep_Exam",
AWS Security Specialty Scs-C03 Certification Study Planner Exam Prep Guide Fillable PDF Instant...,https://i.etsystatic.com/64260269/r/il/a2846a/7671907664/il_fullxfull.7671907664_o79a.jpg,AWS Certification Planners,This is an¬†instant download fillable PDF planner¬†designed for the¬†AWS Security Specialty SCS-C03¬†certification exam. Use this¬†digital¬†study guide to track your progress and ensure you are fully prepared for the¬†AWS certification. Prefer a hands-on approach? Dive into interactive learning in the Explore Our Resources section at FixTheVuln.com. Not techy? No problem! - Instructions on how to access and download your file are included in the listing after purchase. - Instant download items...,,"Prep_Study_Guide, Instant_Download, Fillable_PDF_Exam, Exam_Prep_Idea, Cloud_Computing, Developer_Associate, AWS_Exam_Prep, AWS_Prep_Cert, IT_Cert_Prep_Exam, Study_Plan_Fillable",
AWS CloudOps Engineer Soa-C03 Certification Study Planner Exam Prep Guide Fillable PDF Instant...,https://i.etsystatic.com/64260269/r/il/e52209/7671892962/il_fullxfull.7671892962_nyfq.jpg,AWS Certification Planners,"This is an¬†instant download fillable PDF planner¬†designed for the¬†AWS CloudOps Engineer SOA-C03¬†certification exam. Use this¬†digital¬†study guide to track your progress and ensure you are fully prepared for the¬†AWS certification. Not techy? No problem! - Instructions on how to access and download your file are included in the listing after purchase. - Instant download items DON'T accept returns, exchanges or cancellations. Please contact the seller about any problems with your order. TERMS OF...",,"Prep_Study_Guide, Instant_Download, Fillable_PDF_Exam, Exam_Prep_Idea, Cloud_Computing, Developer_Associate, AWS_Exam_Prep, AWS_Prep_Cert, IT_Cert_Prep_Exam, Study_Plan_Fillable",
AWS Developer Dva-C02 Certification Study Planner Aws Exam Prep Guide Fillable PDF Instant...,https://i.etsystatic.com/64260269/r/il/2fc526/7719816273/il_fullxfull.7719816273_ngq8.jpg,AWS Certification Planners,This is an¬†instant download fillable PDF planner¬†designed for the¬†AWS Developer DVA-C02¬†certification exam. Use this¬†digital¬†study guide to track your progress and ensure you are fully prepared for the¬†AWS certification. Prefer a hands-on approach? Dive into interactive learning in the Explore Our Resources section at FixTheVuln.com. Not techy? No problem! - Instructions on how to access and download your file are included in the listing after purchase. - Instant download items DON'T accept...,,"AWS_Developer, DVA_C02_Exam, Prep_Study_Guide, Instant_Download, Fillable_PDF_Exam, Exam_Prep_Idea, Cloud_Computing, Developer_Associate, AWS_Exam_Prep, AWS_Prep_Cert",
AZ-104 Study Planner Azure Administrator Exam Prep Fillable PDF Study Guide IT Certification...,https://i.etsystatic.com/64260269/r/il/567c38/7717559257/il_fullxfull.7717559257_ix3i.jpg,Microsoft Azure Study Planners,"Prepare for the AZ-104 Azure Administrator exam with this fillable PDF study planner. This comprehensive exam prep guide includes an exam overview, weekly study schedule, domain trackers, acronyms reference, practice test log, exam day checklist, brain dump sheet, and study streak tracker. Designed for IT professionals pursuing the Azure Administrator certification. This digital study planner helps you organize your study plan, track your progress, and stay on schedule from day one to exam...",,"AZ-104_study_guide, Azure_Administrator, AZ-104_exam_prep, Azure_cert_exam, AZ-104_planner, Azure_exam_prep, Azure_admin_exam, study_planner_PDF, fillable_planner, exam_prep_planner",
SC-900 Study Planner Azure Security Fundamentals Exam Prep Fillable PDF Study Guide IT...,https://i.etsystatic.com/64260269/r/il/9348d7/7717936437/il_fullxfull.7717936437_q6h1.jpg,Microsoft Azure Study Planners,"Prepare for the SC-900 Azure Security Fundamentals exam with this fillable PDF study planner. This comprehensive exam prep guide includes an exam overview, weekly study schedule, domain trackers, practice test log, exam day checklist, brain dump sheet, and study streak tracker. Designed for IT professionals pursuing the Azure Administrator certification. This digital study planner helps you organize your study plan, track your progress, and stay on schedule from day one to exam day. What's...",,"Prep_Study_Guide, Instant_Download, Fillable_PDF_Exam, Prep_Study_Cert, Exam_Prep_Idea, Study_Plan_Fillable, Cloud_Computing, SC-900_Exam_Prep, Study_Template_Idea, IT_Cert_Prep_Exam",
AZ-305 Study Planner Azure Solutions Architect Exam Prep Fillable PDF Study Guide IT...,https://i.etsystatic.com/64260269/r/il/e82282/7669998978/il_fullxfull.7669998978_l8pj.jpg,AWS Certification Planners,"Prepare for the AZ-305 Azure Solutions Architect exam with this fillable PDF study planner. This comprehensive exam prep guide includes an exam overview, weekly study schedule, domain trackers, practice test log, exam day checklist, brain dump sheet, and study streak tracker. Designed for IT professionals pursuing the Azure Administrator certification. This digital study planner helps you organize your study plan, track your progress, and stay on schedule from day one to exam day. What's...",,"Prep_Study_Guide, Instant_Download, Fillable_PDF_Exam, Prep_Study_Cert, Exam_Prep_Idea, Study_Plan_Fillable, Cloud_Computing, Solutions_Architect, AZ-305_Exam_Prep, Study_Template_Idea",
AZ-900 Study Planner Azure Fundamentals Exam Prep Fillable PDF Study Guide IT Certification...,https://i.etsystatic.com/64260269/r/il/faa31d/7717973245/il_fullxfull.7717973245_j823.jpg,Microsoft Azure Study Planners,"Prepare for the AZ-900 Azure Fundamentals exam with this fillable PDF study planner. This comprehensive exam prep guide includes an exam overview, weekly study schedule, domain trackers, practice test log, exam day checklist, brain dump sheet, and study streak tracker. Designed for IT professionals pursuing the Azure Administrator certification. This digital study planner helps you organize your study plan, track your progress, and stay on schedule from day one to exam day. What's Included:...",,"Prep_Study_Guide, Instant_Download, Fillable_PDF_Exam, Prep_Study_Cert, Exam_Prep_Idea, Study_Plan_Fillable, Cloud_Computing, Azure_Fundamentals, AZ-900_Exam_Prep, Study_Template_Idea",
AI-900 Study Planner Azure Ai Fundamentals Exam Prep Fillable PDF Study Guide IT Certification...,https://i.etsystatic.com/64260269/r/il/ea27b0/7717981265/il_fullxfull.7717981265_8j73.jpg,Microsoft Azure Study Planners,"Prepare for the AI-900 Azure Administrator exam with this fillable PDF study planner. This comprehensive exam prep guide includes an exam overview, weekly study schedule, domain trackers, practice test log, exam day checklist, brain dump sheet, and study streak tracker. Designed for IT professionals pursuing the Azure Administrator certification. This digital study planner helps you organize your study plan, track your progress, and stay on schedule from day one to exam day. What's Included:...",,"Prep_Study_Guide, Instant_Download, Fillable_PDF_Exam, Prep_Study_Cert, Exam_Prep_Idea, Study_Plan_Fillable, Cloud_Computing, AI_Fundamentals, AI-900_Exam_Prep, Study_Template_Idea",
Cisco Ccna and Cisco Ccnp ENCOR Certification Bundle PDF Planner Study Guide Exam Prep Digital...,https://i.etsystatic.com/64260269/r/il/3ec593/7697128035/il_fullxfull.7697128035_lij4.jpg,Cisco Certification Planners,Master both the associate and professional levels of Cisco networking with this comprehensive CCNA and CCNP ENCOR certification bundle. This detailed fillable PDF planner study guide provides the structured prep you need for instant access to exam success. Prefer a hands-on approach? Dive into interactive learning in the Explore Our Resources section at FixTheVuln.com. Not techy? No problem! - Instructions on how to access and download your file are included in the listing after purchase. -...,,"Cisco_CCNA_CCNP, ENCOR_350-401, Cert_Study_Guide, PDF_Planner, Exam_Prep_Material, Digital_Download, Instant_Access_File, Network_Engineer, IT_Career_Boost, Cisco_Training",
AWS CloudOps Engineer Soa-C03 Certification Study Planner Aws Exam Prep Guide Fillable PDF...,https://i.etsystatic.com/64260269/r/il/210a12/7704521935/il_fullxfull.7704521935_cneg.jpg,AWS Certification Planners,"This is an¬†instant download fillable PDF planner¬†designed for the¬†AWS CloudOps Engineer SOA-C03¬†certification exam. Use this¬†digital¬†study guide to track your progress and ensure you are fully prepared for the¬†AWS certification. Not techy? No problem! - Instructions on how to access and download your file are included in the listing after purchase. - Instant download items DON'T accept returns, exchanges or cancellations. Please contact the seller about any problems with your order. TERMS OF...",,"Prep_Study_Guide, Instant_Download, Fillable_PDF_Exam, Exam_Prep_Idea, Cloud_Computing, Developer_Associate, AWS_Exam_Prep, AWS_Prep_Cert, IT_Cert_Prep_Exam, Study_Plan_Fillable",
CompTIA Cert Bundle A+ Network+ Security+ IT Exam Prep Study Guide Digital Download Instant...,https://i.etsystatic.com/64260269/r/il/d86a7b/7711407221/il_fullxfull.7711407221_56au.jpg,CompTIA Study Planners,"Master the CompTIA Trifecta with this comprehensive A+ Network+ Security+ certification bundle. Prepare for your IT exams with these detailed study guides and instant digital downloads. Not techy? No problem! - Instructions on how to access and download your file are included in the listing after purchase. - Instant download items DON'T accept returns, exchanges or cancellations. Please contact the seller about any problems with your order. TERMS OF SERVICE - Digital Product Only: This is a...",,"IT_Exam_Prep_Guide, CompTIA_A_Plus_Study, Network_Plus_Study, Security_Plus_Study, Instant_Download_PDF, IT_Career_Roadmap, IT_Certification, CompTIA_Trifecta, Ace_Your_Exam, Get_Certified_Today",
AWS Security Specialty Scs-C03 Certification Study Planner Aws Exam Prep Guide Fillable PDF...,https://i.etsystatic.com/64260269/r/il/af3107/7656601116/il_fullxfull.7656601116_t41k.jpg,AWS Certification Planners,"This is an¬†instant download fillable PDF planner¬†designed for the¬†AWS Security Specialty SCS-C03¬†certification exam. Use this¬†digital¬†study guide to track your progress and ensure you are fully prepared for the¬†AWS certification. Not techy? No problem! - Instructions on how to access and download your file are included in the listing after purchase. - Instant download items DON'T accept returns, exchanges or cancellations. Please contact the seller about any problems with your order. TERMS...",,"Prep_Study_Guide, Instant_Download, Fillable_PDF_Exam, Exam_Prep_Idea, Cloud_Computing, Developer_Associate, AWS_Exam_Prep, AWS_Prep_Cert, IT_Cert_Prep_Exam, Study_Plan_Fillable",
AWS Cloud Practitioner CLF-C02 Exam Prep Study Guide PDF Planner Digital Download Instant Access...,https://i.etsystatic.com/64260269/r/il/b35bb1/7649208266/il_fullxfull.7649208266_qeu9.jpg,AWS Certification Planners,"Prepare efficiently for your AWS Certified Cloud Practitioner CLF-C02 exam with this professional PDF planner study guide. This digital download provides the structured prep you need for instant access to exam success. Not techy? No problem! - Instructions on how to access and download your file are included in the listing after purchase. - Instant download items DON'T accept returns, exchanges or cancellations. Please contact the seller about any problems with your order. TERMS OF SERVICE -...",,"CLF-C02_Exam_Prep, AWS_Certification, Study_Guide_PDF, Cloud_Computing_Plan, IT_Career_Roadmap, Digital_Download, Instant_Access_File, AWS_Training, Ace_Your_Exam, Cloud_Concepts",
Cisco CCNP ENCOR 350-401 PDF Planner Study Guide Exam Prep Digital Download Instant Access Dark Mode,https://i.etsystatic.com/64260269/r/il/61d09a/7649167526/il_fullxfull.7649167526_ao4k.jpg,Cisco Certification Planners,"Prepare efficiently for your Cisco 350-401 ENCOR exam with this professional PDF planner study guide. This digital download provides the structured prep you need for instant access to exam success. Not techy? No problem! - Instructions on how to access and download your file are included in the listing after purchase. - Instant download items DON'T accept returns, exchanges or cancellations. Please contact the seller about any problems with your order. TERMS OF SERVICE - Digital Product...",,"Cisco_CCNP_ENCOR, 350-401_Exam_Prep, Cisco_Certification, Study_Guide_PDF, Network_Admin_Study, IT_Professional_Plan, Instant_Access_File, Cisco_Training, IT_Career_Boost, Ace_Your_Exam",
CompTIA Linux Plus Cloud Plus CySA Plus PenTest Plus Certification Bundle Study Guide Digital...,https://i.etsystatic.com/64260269/r/il/765b7c/7649146684/il_fullxfull.7649146684_7390.jpg,CompTIA Study Planners,"Master intermediate-level IT and cybersecurity with this comprehensive CompTIA Linux+ Cloud+ CySA+ PenTest+ certification bundle. Prepare for your professional exams with these detailed study guides and instant digital downloads. Not techy? No problem! - Instructions on how to access and download your file are included in the listing after purchase. - Instant download items DON'T accept returns, exchanges or cancellations. Please contact the seller about any problems with your order. TERMS...",,"CySA_Plus_Exam_Prep, Instant_Download_PDF, IT_Career_Boost, Cybersecurity_Bundle, Ace_Your_Exams, Study_Aids, CompTIA_Cert_Bundle, IT_Cert_Roadmap, Linux_Plus_Guide, Cloud_Plus_Study",
CompTIA Cert Bundle A+ Net+ Sec+ IT Exam Prep Study Guide Digital Download Instant Download...,https://i.etsystatic.com/64260269/r/il/56e1a0/7649108432/il_fullxfull.7649108432_cb24.jpg,CompTIA Study Planners,"Master the CompTIA Trifecta with this comprehensive A+ Network+ Security+ certification bundle. Prepare for your IT exams with these detailed study guides and instant digital downloads. Not techy? No problem! - Instructions on how to access and download your file are included in the listing after purchase. - Instant download items DON'T accept returns, exchanges or cancellations. Please contact the seller about any problems with your order. TERMS OF SERVICE - Digital Product Only: This is a...",,"IT_Exam_Prep_Guide, CompTIA_A_Plus_Study, Network_Plus_Study, Security_Plus_Study, Instant_Download_PDF, IT_Career_Roadmap, IT_Certification, CompTIA_Trifecta, Ace_Your_Exam, Get_Certified_Today",
CCNA 200-301 Cisco Certification Planner Exam Prep Study Guide Bundle Instant Digital Download...,https://i.etsystatic.com/64260269/r/il/82071b/7649096066/il_fullxfull.7649096066_s8qo.jpg,Cisco Certification Planners,"This is a comprehensive¬†CCNA 200-301 Certification Planner¬†designed as a digital download study guide to help you pass your exam. It offers an organized plan for tracking your progress through the hardware software networking security and troubleshooting topics required for Cisco certification. Not techy? No problem! - Instructions on how to access and download your file are included in the listing after purchase. - Instant download items DON'T accept returns, exchanges or cancellations....",,"CCNA_Study_Guide, Cisco_Cert_Planner, IT_Exam_Prep, Networking_Basics, Cisco_Study_Plan, Digital_Download, Study_Organizer_Idea, 200-301_Exam_Planner, CCNA_Notes_Template, Digital_Study_Tool",
CompTIA CySA+ Certification Planner CS0-003 Exam Prep Study Guide Bundle Instant Digital...,https://i.etsystatic.com/64260269/r/il/c3bba7/7697026091/il_fullxfull.7697026091_nc7b.jpg,CompTIA Study Planners,"CompTIA CySA+ Certification Planner CS0-003 Exam Prep Study Guide Bundle. This comprehensive instant digital download helps you master all exam objectives and pass with confidence. The printable PDF files work on¬†any device¬†and can be downloaded from any web browser after purchase. Not techy? No problem! - Instructions on how to access and download your file are included in the listing after purchase. - Instant download items DON'T accept returns, exchanges or cancellations. Please contact...",,"CompTIA_Planner, Exam_Bundle_Digital, Instant_Download, Hardware_Networking, IT_Certification, Tech_Study_Guide, Network_Security, Exam_Practice_Test, Any_Device_Ready, Cert_Study_Guide",
CompTIA Network+ Certification Planner N10-009 Exam Prep Study Guide Bundle Instant Digital...,https://i.etsystatic.com/64260269/r/il/9ad3d7/7697013489/il_fullxfull.7697013489_qjbn.jpg,CompTIA Study Planners,"CompTIA Network+ Certification Planner N10-009 Exam Prep Study Guide Bundle. This comprehensive instant digital download helps you master all exam objectives and pass with confidence. The printable PDF files work on¬†any device¬†and can be downloaded from any web browser after purchase. Not techy? No problem! - Instructions on how to access and download your file are included in the listing after purchase. - Instant download items DON'T accept returns, exchanges or cancellations. Please...",,"Comptia_Network_Plus, N10_009_Exam_Prep, CompTIA_Planner, Exam_Bundle_Digital, Instant_Download, Hardware_Networking, IT_Certification, Tech_Study_Guide, Network_Security, Exam_Practice_Test",
CompTIA Security+ Certification Planner SY0-701 Exam Prep Study Guide Bundle Instant Digital...,https://i.etsystatic.com/64260269/r/il/19bbf8/7697002765/il_fullxfull.7697002765_fz6c.jpg,CompTIA Study Planners,"CompTIA Security+ Certification Planner SY0-701 Exam Prep Study Guide Bundle. This comprehensive instant digital download helps you master all exam objectives and pass with confidence. The printable PDF files work on¬†any device¬†and can be downloaded from any web browser after purchase. Not techy? No problem! - Instructions on how to access and download your file are included in the listing after purchase. - Instant download items DON'T accept returns, exchanges or cancellations. Please...",,"Exam_Bundle_Digital, Instant_Download, Hardware_Networking, IT_Certification, Tech_Study_Guide, Network_Security, Exam_Practice_Test, Any_Device_Ready, Cert_Study_Guide, Mobile_Network_Idea",
CompTIA Cloud+ CV0-004 Certification Planner CV0-004 Exam Prep Study Guide Instant Digital...,https://i.etsystatic.com/64260269/r/il/de2d5b/7649043594/il_fullxfull.7649043594_a2b2.jpg,CompTIA Study Planners,"CompTIA Cloud+ Certification Planner CV0-004 Exam Prep Study Guide Bundle. This comprehensive instant digital download helps you master all exam objectives and pass with confidence. The printable PDF files work on¬†any device¬†and can be downloaded from any web browser after purchase. Not techy? No problem! - Instructions on how to access and download your file are included in the listing after purchase. - Instant download items DON'T accept returns, exchanges or cancellations. Please contact...",,"Certi_Study_Guide, CompTIA_Planner, Exam_Bundle_Digital, Instant_Download, Hardware_Networking, Mobile_Network_Idea, IT_Certification, Tech_Study_Guide, Network_Security, Exam_Practice_Test",
CompTIA CASP+ Certification Planner CAS-005 Exam Prep Study Guide Bundle Instant Digital...,https://i.etsystatic.com/64260269/r/il/2acba7/7696975327/il_fullxfull.7696975327_czye.jpg,CompTIA Study Planners,"CompTIA CASP+ Certification Planner CAS-005 Exam Prep Study Guide Bundle. This comprehensive instant digital download helps you master all exam objectives and pass with confidence. The printable PDF files work on¬†any device¬†and can be downloaded from any web browser after purchase. Not techy? No problem! - Instructions on how to access and download your file are included in the listing after purchase. - Instant download items DON'T accept returns, exchanges or cancellations. Please contact...",,"CompTIA_Planner, Exam_Bundle_Digital, Instant_Download, Hardware_Networking, IT_Certification, Tech_Study_Guide, Network_Security, Exam_Practice_Test, Any_Device_Ready, Cert_Study_Guide",
CompTIA PenTest+ Certification Planner PT0-003 Exam Prep Study Guide Bundle Instant Digital...,https://i.etsystatic.com/64260269/r/il/8eae85/7696968605/il_fullxfull.7696968605_fbzr.jpg,CompTIA Study Planners,"CompTIA PenTest+ Certification Planner PT0-003 Exam Prep Study Guide Bundle. This comprehensive instant digital download helps you master all exam objectives and pass with confidence. The printable PDF files work on¬†any device¬†and can be downloaded from any web browser after purchase. Not techy? No problem! - Instructions on how to access and download your file are included in the listing after purchase. - Instant download items DON'T accept returns, exchanges or cancellations. Please...",,"CompTIA_Planner, Exam_Bundle_Digital, Instant_Download, Hardware_Networking, IT_Certification, Tech_Study_Guide, Network_Security, Exam_Practice_Test, Any_Device_Ready, Cert_Study_Guide",
CompTIA Linux+ Certification Planner XK0-006 Exam Prep Study Guide Instant Digital Download...,https://i.etsystatic.com/64260269/r/il/42089c/7696918467/il_fullxfull.7696918467_a65o.jpg,CompTIA Study Planners,"CompTIA Linux+ Certification Planner XK0-005 Exam Prep Study Guide Bundle. This comprehensive instant digital download helps you master all exam objectives and pass with confidence. The printable PDF files work on¬†any device¬†and can be downloaded from any web browser after purchase. Not techy? No problem! - Instructions on how to access and download your file are included in the listing after purchase. - Instant download items DON'T accept returns, exchanges or cancellations. Please contact...",,"Certi_Study_Guide, CompTIA_Planner, Exam_Bundle_Digital, Instant_Download, Hardware_Networking, Mobile_Network_Idea, IT_Certification, Tech_Study_Guide, Network_Security, Exam_Practice_Test",
AWS Certified Cloud Practitioner AWS Solutions Architect Bundle Exam Prep Study Guide PDF...,https://i.etsystatic.com/64260269/r/il/f08fcf/7648626624/il_fullxfull.7648626624_55o8.jpg,AWS Certification Planners,"This high-conversion bundle includes study materials for both the¬†AWS Cloud Practitioner¬†(CLF-C02) and¬†AWS Solutions Architect¬†Associate (SAA-C03) exams in dark mode. Prepare for your certification journey with this comprehensive resource bundle designed for success.¬† Not techy? No problem! - Instructions on how to access and download your file are included in the listing after purchase. - Instant download items DON'T accept returns, exchanges or cancellations. Please contact the seller...",,"CLF-C02_Exam_Prep, Solutions_Architect, SAA-C03_Study_Guide, AWS_Training_Course, Digital_Download_PDF, AWS_Study_Material, Pass_AWS_Exam_Fast, Tech_Career_Growth, Cloud_Practitioner, Certification_Bundle",
GIAC Security Essentials Exam GSEC Certification Study Planner Exam Prep PDF Planner Digital...,https://i.etsystatic.com/64260269/r/il/111ff0/7696502277/il_fullxfull.7696502277_okfy.jpg,GIAC & SANS Study Planners,"This high-conversion study planner dark mode is designed for professionals preparing for the¬†GIAC Security Essentials¬†(GSEC) exam. The digital download is a fillable PDF to help organize your study sessions and track progress toward certification. Not techy? No problem! - Instructions on how to access and download your file are included in the listing after purchase. - Instant download items DON'T accept returns, exchanges or cancellations. Please contact the seller about any problems with...",,"GSEC_Certification, Study_Planner_Insert, Digital_Download_PDF, GSEC_Exam_Prep, Infosec_Study_Guide, Security_Essentials, Exam_Prep_Material, Printable_Planner, GSEC_Study_Tools, Infosec_Career",
Isaca CISM Certification Study Planner Cism Exam Prep Guide Fillable PDF Instant Download PDF...,https://i.etsystatic.com/64260269/r/il/41b9e3/7696445633/il_fullxfull.7696445633_qk2p.jpg,ISACA Certification Planners,"This is your essential¬†ISACA CISM¬†certification study planner dark mode, designed to guide your exam preparation with a fillable¬†PDF¬†format. Instantly download this comprehensive¬†study planner¬†and begin your journey to passing the CISM¬†exam¬†today. Not techy? No problem! - Instructions on how to access and download your file are included in the listing after purchase. - Instant download items DON'T accept returns, exchanges or cancellations. Please contact the seller about any problems with...",,"ISACA_CISM_Study, CISM_Exam_Prep_Guide, Instant_Download, CISM_Cert_Help, Exam_Prep_Material, InfoSec_Career_Idea, Information_Security, Digital_Study_Tool, Prep_Study_Aid, IT_Cert_Exam_Prep",
ISC2 CISSP Certification Study Planner Cissp Exam Prep Guide Fillable PDF Instant Download PDF...,https://i.etsystatic.com/64260269/r/il/52a6a6/7648431556/il_fullxfull.7648431556_o8r9.jpg,CISSP & ISC2 Study Planners,"This is your essential¬†(ISC)2 CISSP¬†certification study planner, designed to guide your exam preparation with a fillable¬†PDF¬†format. Instantly download this comprehensive¬†study planner¬†and begin your journey to passing the CISM¬†exam¬†today. Not techy? No problem! - Instructions on how to access and download your file are included in the listing after purchase. - Instant download items DON'T accept returns, exchanges or cancellations. Please contact the seller about any problems with your...",,"CISSP_Study_Planner, Fillable_PDF, Instant_Download, CISSP_Cert_Help, Exam_Prep_Material, InfoSec_Career_Idea, Information_Security, Digital_Study_Tool, CISSP_Exam, CISSP_Guide",
CompTIA A+ Core 1 & Core 2 Certification Planner Exam Prep Study Guide Bundle Instant Digital...,https://i.etsystatic.com/64260269/r/il/eabca6/7696139109/il_fullxfull.7696139109_mnkd.jpg,CompTIA Study Planners,"This CompTIA A+ Core 1 & 2 certification planner dark mode exam prep study guide bundle provides a comprehensive solution for mastering hardware networking and mobile devices. It is an instant digital download designed as a fillable student planner to help you successfully pass both Core 1 and Core 2 exams. Not techy? No problem! - Instructions on how to access and download your file are included in the listing after purchase. - Instant download items DON'T accept returns, exchanges or...",,"a_plus_exam_prep, a_plus_study_guide, it_certification, tech_study_plan, exam_planner_idea, digital_download, fillable_pdf, student_planner, test_prep_guide, exam_success",
CompTIA A+ Core 2 Certification Planner 220-1202 Exam Prep Study Guide Instant Digital Download...,https://i.etsystatic.com/64260269/r/il/32c412/7695775237/il_fullxfull.7695775237_faft.jpg,CompTIA Study Planners,"Preparing for the CompTIA A+ Core 2 certification can feel overwhelming, but this exam prep planner is designed to simplify your journey. Crafted as an instant digital download, it serves as a comprehensive study plan organizer that helps you focus on mobile devices study and key exam objectives. Whether you're new to IT or advancing your tech career prep, this guide supports your success every step of the way. Not techy? No problem! - Instructions on how to access and download your file are...",,"CompTIA_A_Plus, Core_1_Certification, Mobile_Devices_Study, Exam_Prep_Planner, Study_Plan_Organizer, Pass_CompTIA_Exam, Tech_Career_Prep, IT_Support_Training, CompTIA_Study_Aid, Personal_Use_License",
CompTIA A+ Core 1 Certification Planner 220-1201 Exam Prep Study Guide Instant Digital Download...,https://i.etsystatic.com/64260269/r/il/bb65e1/7647821176/il_fullxfull.7647821176_nx8h.jpg,CompTIA Study Planners,"Preparing for the CompTIA A+ Core 1 certification can feel overwhelming, but this exam prep planner is designed to simplify your journey. Crafted as an instant digital download, it serves as a comprehensive study plan organizer that helps you focus on mobile devices study and key exam objectives. Whether you're new to IT or advancing your tech career prep, this guide supports your success every step of the way. Not techy? No problem! - Instructions on how to access and download your file are...",,"CompTIA_A_Plus, Core_1_Certification, 220_1201_Exam_Prep, Mobile_Devices_Study, Exam_Prep_Planner, Study_Plan_Organizer, Pass_CompTIA_Exam, Tech_Career_Prep, IT_Support_Training, 220_1201_Exam_Tips",
AWS Solutions Architect Study Guide SAA-C03 Exam Prep PDF Planner Digital Download Instant Access,https://i.etsystatic.com/64260269/r/il/7f7b07/7644630658/il_fullxfull.7644630658_3rwi.jpg,AWS Certification Planners,"Prepare efficiently for the professional-level AWS Certified Solutions Architect SAA-C03 exam with this dedicated PDF planner study guide. This digital download provides the structured prep you need for instant access to exam success. Not techy? No problem! - Instructions on how to access and download your file are included in the listing after purchase. - Instant download items DON'T accept returns, exchanges or cancellations. Please contact the seller about any problems with your order....",,"SAA-C03_Exam_Prep, Study_Guide_PDF, AWS_Certification, Cloud_Architect_Plan, Network_Architect, Digital_Download, Instant_Access_File, AWS_Training, Ace_Your_Exam, Cloud_Computing",
AWS Cloud Practitioner CLF-C02 Exam Prep Study Guide PDF Planner Digital Download Instant Access,https://i.etsystatic.com/64260269/r/il/ef6d07/7692548369/il_fullxfull.7692548369_h8r7.jpg,AWS Certification Planners,"Prepare efficiently for your AWS Certified Cloud Practitioner CLF-C02 exam with this professional PDF planner study guide. This digital download provides the structured prep you need for instant access to exam success. Not techy? No problem! - Instructions on how to access and download your file are included in the listing after purchase. - Instant download items DON'T accept returns, exchanges or cancellations. Please contact the seller about any problems with your order. TERMS OF SERVICE -...",,"CLF-C02_Exam_Prep, AWS_Certification, Study_Guide_PDF, Cloud_Computing_Plan, IT_Career_Roadmap, Digital_Download, Instant_Access_File, AWS_Training, Ace_Your_Exam, Cloud_Concepts",
Cisco CCNP ENCOR 350-401 PDF Planner Study Guide Exam Prep Digital Download Instant Access,https://i.etsystatic.com/64260269/r/il/e3d4f2/7692288055/il_fullxfull.7692288055_8qc0.jpg,Cisco Certification Planners,"Prepare efficiently for your Cisco 350-401 ENCOR exam with this professional PDF planner study guide. This digital download provides the structured prep you need for instant access to exam success. Not techy? No problem! - Instructions on how to access and download your file are included in the listing after purchase. - Instant download items DON'T accept returns, exchanges or cancellations. Please contact the seller about any problems with your order. TERMS OF SERVICE - Digital Product...",,"Cisco_CCNP_ENCOR, 350-401_Exam_Prep, Cisco_Certification, Study_Guide_PDF, Network_Admin_Study, IT_Professional_Plan, Instant_Access_File, Cisco_Training, IT_Career_Boost, Ace_Your_Exam",
CompTIA A+ Network+ Security+ Cert Bundle IT Exam Prep Study Guide Digital Download Instant...,https://i.etsystatic.com/64260269/r/il/127301/7643817240/il_fullxfull.7643817240_4kgr.jpg,CompTIA Study Planners,"Master the CompTIA Trifecta with this comprehensive A+ Network+ Security+ certification bundle. Prepare for your IT exams with these detailed study guides and instant digital downloads. Not techy? No problem! - Instructions on how to access and download your file are included in the listing after purchase. - Instant download items DON'T accept returns, exchanges or cancellations. Please contact the seller about any problems with your order. TERMS OF SERVICE - Digital Product Only: This is a...",,"IT_Exam_Prep_Guide, CompTIA_A_Plus_Study, Network_Plus_Study, Security_Plus_Study, Instant_Download_PDF, IT_Career_Roadmap, IT_Certification, CompTIA_Trifecta, Ace_Your_Exam, Get_Certified_Today",
CCNA 200-301 Cisco Certification Planner Exam Prep Study Guide Bundle Instant Digital Download,https://i.etsystatic.com/64260269/r/il/ebda2f/7644389218/il_fullxfull.7644389218_hc5m.jpg,Cisco Certification Planners,"This is a comprehensive¬†CCNA 200-301 Cisco Certification Planner¬†designed as a digital download study guide to help you pass your exam. It offers an organized plan for tracking your progress through the hardware software networking security and troubleshooting topics required for Cisco certification. Not techy? No problem! - Instructions on how to access and download your file are included in the listing after purchase. - Instant download items DON'T accept returns, exchanges or...",,"CCNA_Study_Guide, Cisco_Cert_Planner, IT_Exam_Prep, Networking_Basics, Cisco_Study_Plan, Digital_Download, Study_Organizer_Idea, 200-301_Exam_Planner, CCNA_Notes_Template, Digital_Study_Tool",
CompTIA CySA+ Certification Planner CS0-003 Exam Prep Study Guide Bundle Instant Digital Download,https://i.etsystatic.com/64260269/r/il/9638de/7688973475/il_fullxfull.7688973475_iq9u.jpg,CompTIA Study Planners,"CompTIA CySA+ Certification Planner CS0-003 Exam Prep Study Guide Bundle. This comprehensive instant digital download helps you master all exam objectives and pass with confidence. The printable PDF files work on¬†any device¬†and can be downloaded from any web browser after purchase. Not techy? No problem! - Instructions on how to access and download your file are included in the listing after purchase. - Instant download items DON'T accept returns, exchanges or cancellations. Please contact...",,"CompTIA_Planner, Exam_Bundle_Digital, Instant_Download, Hardware_Networking, IT_Certification, Tech_Study_Guide, Network_Security, Exam_Practice_Test, Any_Device_Ready, Cert_Study_Guide",
CompTIA Network+ Certification Planner N10-009 Exam Prep Study Guide Bundle Instant Digital Download,https://i.etsystatic.com/64260269/r/il/640825/7641016536/il_fullxfull.7641016536_45mc.jpg,CompTIA Study Planners,"CompTIA Network+ Certification Planner N10-009 Exam Prep Study Guide Bundle. This comprehensive instant digital download helps you master all exam objectives and pass with confidence. The printable PDF files work on¬†any device¬†and can be downloaded from any web browser after purchase. Not techy? No problem! - Instructions on how to access and download your file are included in the listing after purchase. - Instant download items DON'T accept returns, exchanges or cancellations. Please...",,"Comptia_Network_Plus, N10_009_Exam_Prep, CompTIA_Planner, Exam_Bundle_Digital, Instant_Download, Hardware_Networking, IT_Certification, Tech_Study_Guide, Network_Security, Exam_Practice_Test",
CompTIA CASP+ Certification Planner CAS-005 Exam Prep Study Guide Bundle Instant Digital Download,https://i.etsystatic.com/64260269/r/il/d712cc/7641011576/il_fullxfull.7641011576_qwid.jpg,CompTIA Study Planners,"CompTIA CASP+ Certification Planner CAS-005 Exam Prep Study Guide Bundle. This comprehensive instant digital download helps you master all exam objectives and pass with confidence. The printable PDF files work on¬†any device¬†and can be downloaded from any web browser after purchase. Not techy? No problem! - Instructions on how to access and download your file are included in the listing after purchase. - Instant download items DON'T accept returns, exchanges or cancellations. Please contact...",,"CompTIA_Planner, Exam_Bundle_Digital, Instant_Download, Hardware_Networking, IT_Certification, Tech_Study_Guide, Network_Security, Exam_Practice_Test, Any_Device_Ready, Cert_Study_Guide",
CompTIA PenTest+ Certification Planner PT0-003 Exam Prep Study Guide Bundle Instant Digital Download,https://i.etsystatic.com/64260269/r/il/958cbb/7688956501/il_fullxfull.7688956501_hpb4.jpg,CompTIA Study Planners,"CompTIA PenTest+ Certification Planner PT0-003 Exam Prep Study Guide Bundle. This comprehensive instant digital download helps you master all exam objectives and pass with confidence. The printable PDF files work on¬†any device¬†and can be downloaded from any web browser after purchase. Not techy? No problem! - Instructions on how to access and download your file are included in the listing after purchase. - Instant download items DON'T accept returns, exchanges or cancellations. Please...",,"CompTIA_Planner, Exam_Bundle_Digital, Instant_Download, Hardware_Networking, IT_Certification, Tech_Study_Guide, Network_Security, Exam_Practice_Test, Any_Device_Ready, Cert_Study_Guide",